n,method,runs,success,success_rate,avg_time_sec
8,CSP,1,1,1.0,0.00021624999999998729
16,CSP,1,1,1.0,0.002316125000000002
32,CSP,1,1,1.0,0.0068549160000000026
